{
  "case": "swissmetro_mixed_full",
  "data": "Swissmetro",
  "model": "Mixed logit full estimation",
  "n_obs": 10719,
  "n_draws": 32,
  "panel": false,
  "mode": "full-estimation",
  "consistent": true,
  "consistency_rule": "Relaxed full-estimation consistency against Biogeme shared-draw result: |LL diff| <= max(0.25, 1e-5*|LL|), max parameter diff <= 0.05, and max probability diff <= 0.02 when available. Apollo runtime is reported but not used for strict consistency because Apollo uses package Halton draws.",
  "backends": [
    {
      "backend": "torchdcm_full",
      "available": true,
      "total_s": 0.29204877838492393,
      "estimate_s": 0.2523921551182866,
      "covariance_s": 0.039656623266637325,
      "loglike": -8566.953247692943,
      "message": "",
      "ll_diff": 0.0,
      "max_param_diff": 0.0,
      "max_prob_diff": 0.0,
      "max_cov_diff": 0.0,
      "max_se_diff": 0.0
    },
    {
      "backend": "biogeme_full",
      "available": true,
      "total_s": 12.920943953096867,
      "estimate_s": 12.920879282988608,
      "covariance_s": 6.363028660416603e-05,
      "loglike": -8566.953247693393,
      "message": "",
      "ll_diff": -4.4929038267582655e-10,
      "max_param_diff": 2.122452733566149e-06,
      "max_prob_diff": 3.9043298616370237e-07,
      "max_cov_diff": 0.005051474116699778,
      "max_se_diff": 0.04372990080297712
    },
    {
      "backend": "apollo_full",
      "available": true,
      "total_s": 13.118573810905218,
      "estimate_s": 11.953000000000001,
      "covariance_s": 0.0,
      "loglike": -8571.207608824243,
      "message": "Apollo uses package Halton draws; runtime is comparable but not strict shared-draw parity.",
      "ll_diff": -4.254361131299447,
      "max_param_diff": 0.10314634943141932,
      "max_prob_diff": null,
      "max_cov_diff": 0.0023255286570649488,
      "max_se_diff": 0.013477657063477838
    }
  ]
}