{
  "case": "swissmetro_mixed_full",
  "data": "Swissmetro",
  "model": "Mixed logit full estimation",
  "n_obs": 10719,
  "n_draws": 32,
  "panel": false,
  "mode": "full-estimation",
  "consistent": true,
  "consistency_rule": "Relaxed full-estimation consistency against Biogeme shared-draw result: |LL diff| <= max(0.25, 1e-5*|LL|), max parameter diff <= 0.05, and max probability diff <= 0.02 when available. Apollo runtime is reported but not used for strict consistency because Apollo uses package Halton draws.",
  "backends": [
    {
      "backend": "torchdcm_full",
      "available": true,
      "total_s": 0.31516988947987556,
      "estimate_s": 0.27184697473421693,
      "covariance_s": 0.043322914745658636,
      "loglike": -8392.698767519982,
      "message": "",
      "ll_diff": 0.0,
      "max_param_diff": 0.0,
      "max_prob_diff": 0.0,
      "max_cov_diff": 0.0,
      "max_se_diff": 0.0
    },
    {
      "backend": "biogeme_full",
      "available": true,
      "total_s": 15.87337628705427,
      "estimate_s": 15.873308346606791,
      "covariance_s": 6.710970774292946e-05,
      "loglike": -8392.698770417235,
      "message": "",
      "ll_diff": -2.8972535801585764e-06,
      "max_param_diff": 0.00028257321487945575,
      "max_prob_diff": 3.1141362065834066e-05,
      "max_cov_diff": 0.030106004239290482,
      "max_se_diff": 0.13587694578947318
    },
    {
      "backend": "apollo_full",
      "available": true,
      "total_s": 16.213490680791438,
      "estimate_s": 15.020999999999999,
      "covariance_s": 0.0,
      "loglike": -8377.423344486608,
      "message": "Apollo uses package Halton draws; runtime is comparable but not strict shared-draw parity.",
      "ll_diff": 15.275423033373954,
      "max_param_diff": 0.3066766708341808,
      "max_prob_diff": null,
      "max_cov_diff": 0.005741766466337717,
      "max_se_diff": 0.019976784500570027
    }
  ]
}