{
  "case": "swissmetro_mixed_full",
  "data": "Swissmetro",
  "model": "Mixed logit full estimation",
  "n_obs": 10719,
  "n_draws": 32,
  "panel": false,
  "mode": "full-estimation",
  "consistent": true,
  "consistency_rule": "Relaxed full-estimation consistency against Biogeme shared-draw result: |LL diff| <= max(0.25, 1e-5*|LL|), max parameter diff <= 0.05, and max probability diff <= 0.02 when available. Apollo runtime is reported but not used for strict consistency because Apollo uses package Halton draws.",
  "backends": [
    {
      "backend": "torchdcm_full",
      "available": true,
      "total_s": 0.19258189527317882,
      "estimate_s": 0.16622079396620393,
      "covariance_s": 0.026361101306974888,
      "loglike": -8566.953247692942,
      "message": "",
      "ll_diff": 0.0,
      "max_param_diff": 0.0,
      "max_prob_diff": 0.0,
      "max_cov_diff": 0.0,
      "max_se_diff": 0.0
    },
    {
      "backend": "biogeme_full",
      "available": true,
      "total_s": 13.036925362888724,
      "estimate_s": 13.036855782847852,
      "covariance_s": 6.899982690811157e-05,
      "loglike": -8566.953247693393,
      "message": "",
      "ll_diff": -4.511093720793724e-10,
      "max_param_diff": 2.1224527344543276e-06,
      "max_prob_diff": 3.9043298638574697e-07,
      "max_cov_diff": 0.00505147411669977,
      "max_se_diff": 0.04372990080297702
    },
    {
      "backend": "apollo_full",
      "available": true,
      "total_s": 13.132954177912325,
      "estimate_s": 11.939,
      "covariance_s": 0.0,
      "loglike": -8571.207608824243,
      "message": "Apollo uses package Halton draws; runtime is comparable but not strict shared-draw parity.",
      "ll_diff": -4.254361131301266,
      "max_param_diff": 0.10314634943141843,
      "max_prob_diff": null,
      "max_cov_diff": 0.0023255286570649653,
      "max_se_diff": 0.013477657063477935
    }
  ]
}